-- 사용자 테스트 데이터
INSERT INTO "users" ("id", "email", "name", "password", "role", "is_locked", "is_temp_password")
VALUES ('550e8400-e29b-41d4-a716-446655440001', 'admin@example.com', 'admin', '$2b$10$hash1',
        'ADMIN', false, false),
       ('550e8400-e29b-41d4-a716-446655440002', 'john@example.com', 'john_doe', '$2b$10$hash2',
        'USER', false, false),
       ('550e8400-e29b-41d4-a716-446655440003', 'jane@example.com', 'jane_smith', '$2b$10$hash3',
        'USER', false, false),
       ('550e8400-e29b-41d4-a716-446655440004', 'bob@example.com', 'bob_wilson', '$2b$10$hash4',
        'USER', false, false),
       ('550e8400-e29b-41d4-a716-446655440005', 'alice@example.com', 'alice_brown', '$2b$10$hash5',
        'USER', true, false);

-- 콘텐츠 테스트 데이터
INSERT INTO "contents" ("id", "title", "description", "content_type", "release_date", "url")
VALUES ('650e8400-e29b-41d4-a716-446655440001', '인터스텔라', '우주를 배경으로 한 SF 영화', 'MOVIE',
        '2014-11-07 00:00:00', 'https://example.com/interstellar'),
       ('650e8400-e29b-41d4-a716-446655440002', '기생충', '봉준호 감독의 아카데미상 수상작', 'MOVIE',
        '2019-05-30 00:00:00', 'https://example.com/parasite'),
       ('650e8400-e29b-41d4-a716-446655440003', '브레이킹 배드 시즌 1', '화학 교사가 마약 제조업자가 되는 이야기',
        'DRAMA', '2008-01-20 00:00:00', 'https://example.com/breaking-bad-s1'),
       ('650e8400-e29b-41d4-a716-446655440004', '스트레인저 씽스 시즌 4', '80년대 배경의 초자연적 스릴러', 'DRAMA',
        '2022-05-27 00:00:00', 'https://example.com/stranger-things-s4'),
       ('650e8400-e29b-41d4-a716-446655440005', '블랙 미러: 밴더스내치', '인터랙티브 SF 영화', 'MOVIE',
        '2018-12-28 00:00:00', 'https://example.com/bandersnatch');

-- 키워드 테스트 데이터
INSERT INTO "keywords" ("id", "user_id", "keyword")
VALUES ('750e8400-e29b-41d4-a716-446655440001', '550e8400-e29b-41d4-a716-446655440002', 'SF'),
       ('750e8400-e29b-41d4-a716-446655440002', '550e8400-e29b-41d4-a716-446655440002', '스릴러'),
       ('750e8400-e29b-41d4-a716-446655440003', '550e8400-e29b-41d4-a716-446655440003', '드라마'),
       ('750e8400-e29b-41d4-a716-446655440004', '550e8400-e29b-41d4-a716-446655440003', '액션'),
       ('750e8400-e29b-41d4-a716-446655440005', '550e8400-e29b-41d4-a716-446655440004', '코미디');

-- 키워드-콘텐츠 관계 테스트 데이터
INSERT INTO "keyword_contents" ("id", "keyword_id", "content_id")
VALUES ('850e8400-e29b-41d4-a716-446655440001', '750e8400-e29b-41d4-a716-446655440001',
        '650e8400-e29b-41d4-a716-446655440001'),
       ('850e8400-e29b-41d4-a716-446655440002', '750e8400-e29b-41d4-a716-446655440002',
        '650e8400-e29b-41d4-a716-446655440002'),
       ('850e8400-e29b-41d4-a716-446655440003', '750e8400-e29b-41d4-a716-446655440003',
        '650e8400-e29b-41d4-a716-446655440003'),
       ('850e8400-e29b-41d4-a716-446655440004', '750e8400-e29b-41d4-a716-446655440002',
        '650e8400-e29b-41d4-a716-446655440004'),
       ('850e8400-e29b-41d4-a716-446655440005', '750e8400-e29b-41d4-a716-446655440001',
        '650e8400-e29b-41d4-a716-446655440005');

-- 리뷰 테스트 데이터
INSERT INTO "reviews" ("id", "user_id", "content_id", "title", "comment", "rating")
VALUES ('950e8400-e29b-41d4-a716-446655440001', '550e8400-e29b-41d4-a716-446655440002',
        '650e8400-e29b-41d4-a716-446655440001', '우주의 경이로움', '시각적으로 압도적이고 감정적으로 깊이 있는 작품', 4.8),
       ('950e8400-e29b-41d4-a716-446655440002', '550e8400-e29b-41d4-a716-446655440003',
        '650e8400-e29b-41d4-a716-446655440002', '계급 사회의 날카로운 비판', '봉준호 감독의 최고작. 사회적 메시지가 강력함', 4.9),
       ('950e8400-e29b-41d4-a716-446655440003', '550e8400-e29b-41d4-a716-446655440004',
        '650e8400-e29b-41d4-a716-446655440003', '중독성 있는 드라마', '한 번 보기 시작하면 멈출 수 없는 매력', 4.5),
       ('950e8400-e29b-41d4-a716-446655440004', '550e8400-e29b-41d4-a716-446655440002',
        '650e8400-e29b-41d4-a716-446655440004', '80년대 향수', '노스탤지어와 공포가 완벽하게 조화됨', 4.2),
       ('950e8400-e29b-41d4-a716-446655440005', '550e8400-e29b-41d4-a716-446655440003',
        '650e8400-e29b-41d4-a716-446655440005', '혁신적인 시도', '인터랙티브 요소가 재미있지만 스토리는 아쉬움', 3.7);

-- 플레이리스트 테스트 데이터
INSERT INTO "playlists" ("id", "creator_id", "name", "is_public")
VALUES ('a50e8400-e29b-41d4-a716-446655440001', '550e8400-e29b-41d4-a716-446655440002',
        '내가 좋아하는 SF 영화', true),
       ('a50e8400-e29b-41d4-a716-446655440002', '550e8400-e29b-41d4-a716-446655440003', '주말에 볼 드라마',
        false),
       ('a50e8400-e29b-41d4-a716-446655440003', '550e8400-e29b-41d4-a716-446655440004',
        '친구들과 함께 볼 영화', true),
       ('a50e8400-e29b-41d4-a716-446655440004', '550e8400-e29b-41d4-a716-446655440001',
        '관리자 추천 콘텐츠', true),
       ('a50e8400-e29b-41d4-a716-446655440005', '550e8400-e29b-41d4-a716-446655440002', '개인 보관함',
        false);

-- 플레이리스트-콘텐츠 관계 테스트 데이터
INSERT INTO "playlist_contents" ("id", "playlist_id", "content_id")
VALUES ('b50e8400-e29b-41d4-a716-446655440001', 'a50e8400-e29b-41d4-a716-446655440001',
        '650e8400-e29b-41d4-a716-446655440001'),
       ('b50e8400-e29b-41d4-a716-446655440002', 'a50e8400-e29b-41d4-a716-446655440001',
        '650e8400-e29b-41d4-a716-446655440005'),
       ('b50e8400-e29b-41d4-a716-446655440003', 'a50e8400-e29b-41d4-a716-446655440002',
        '650e8400-e29b-41d4-a716-446655440003'),
       ('b50e8400-e29b-41d4-a716-446655440004', 'a50e8400-e29b-41d4-a716-446655440003',
        '650e8400-e29b-41d4-a716-446655440002'),
       ('b50e8400-e29b-41d4-a716-446655440005', 'a50e8400-e29b-41d4-a716-446655440004',
        '650e8400-e29b-41d4-a716-446655440001');

-- 구독 테스트 데이터
INSERT INTO "subscriptions" ("id", "playlist_id", "subscriber_id")
VALUES ('c50e8400-e29b-41d4-a716-446655440001', 'a50e8400-e29b-41d4-a716-446655440001',
        '550e8400-e29b-41d4-a716-446655440003'),
       ('c50e8400-e29b-41d4-a716-446655440002', 'a50e8400-e29b-41d4-a716-446655440001',
        '550e8400-e29b-41d4-a716-446655440004'),
       ('c50e8400-e29b-41d4-a716-446655440003', 'a50e8400-e29b-41d4-a716-446655440003',
        '550e8400-e29b-41d4-a716-446655440002'),
       ('c50e8400-e29b-41d4-a716-446655440004', 'a50e8400-e29b-41d4-a716-446655440004',
        '550e8400-e29b-41d4-a716-446655440003'),
       ('c50e8400-e29b-41d4-a716-446655440005', 'a50e8400-e29b-41d4-a716-446655440004',
        '550e8400-e29b-41d4-a716-446655440004');

-- 팔로우 테스트 데이터
INSERT INTO "follows" ("id", "follower_id", "following_id")
VALUES ('d50e8400-e29b-41d4-a716-446655440001', '550e8400-e29b-41d4-a716-446655440002',
        '550e8400-e29b-41d4-a716-446655440003'),
       ('d50e8400-e29b-41d4-a716-446655440002', '550e8400-e29b-41d4-a716-446655440002',
        '550e8400-e29b-41d4-a716-446655440004'),
       ('d50e8400-e29b-41d4-a716-446655440003', '550e8400-e29b-41d4-a716-446655440003',
        '550e8400-e29b-41d4-a716-446655440002'),
       ('d50e8400-e29b-41d4-a716-446655440004', '550e8400-e29b-41d4-a716-446655440004',
        '550e8400-e29b-41d4-a716-446655440001'),
       ('d50e8400-e29b-41d4-a716-446655440005', '550e8400-e29b-41d4-a716-446655440003',
        '550e8400-e29b-41d4-a716-446655440004');

-- 채팅방 테스트 데이터
INSERT INTO "chat_rooms" ("id", "content_id", "owner_id")
VALUES ('e50e8400-e29b-41d4-a716-446655440001', '650e8400-e29b-41d4-a716-446655440001',
        '550e8400-e29b-41d4-a716-446655440002'),
       ('e50e8400-e29b-41d4-a716-446655440002', '650e8400-e29b-41d4-a716-446655440002',
        '550e8400-e29b-41d4-a716-446655440003'),
       ('e50e8400-e29b-41d4-a716-446655440003', '650e8400-e29b-41d4-a716-446655440003',
        '550e8400-e29b-41d4-a716-446655440004'),
       ('e50e8400-e29b-41d4-a716-446655440004', '650e8400-e29b-41d4-a716-446655440004',
        '550e8400-e29b-41d4-a716-446655440001'),
       ('e50e8400-e29b-41d4-a716-446655440005', '650e8400-e29b-41d4-a716-446655440005',
        '550e8400-e29b-41d4-a716-446655440002');

-- 채팅방 참가자 테스트 데이터
INSERT INTO "chat_room_participants" ("id", "user_id", "room_id")
VALUES ('f50e8400-e29b-41d4-a716-446655440001', '550e8400-e29b-41d4-a716-446655440002',
        'e50e8400-e29b-41d4-a716-446655440001'),
       ('f50e8400-e29b-41d4-a716-446655440002', '550e8400-e29b-41d4-a716-446655440003',
        'e50e8400-e29b-41d4-a716-446655440001'),
       ('f50e8400-e29b-41d4-a716-446655440003', '550e8400-e29b-41d4-a716-446655440004',
        'e50e8400-e29b-41d4-a716-446655440001'),
       ('f50e8400-e29b-41d4-a716-446655440004', '550e8400-e29b-41d4-a716-446655440003',
        'e50e8400-e29b-41d4-a716-446655440002'),
       ('f50e8400-e29b-41d4-a716-446655440005', '550e8400-e29b-41d4-a716-446655440004',
        'e50e8400-e29b-41d4-a716-446655440003');

-- 채팅 메시지 테스트 데이터
INSERT INTO "chat_messages" ("id", "room_id", "sender_id", "content")
VALUES ('110e8400-e29b-41d4-a716-446655440001', 'e50e8400-e29b-41d4-a716-446655440001',
        '550e8400-e29b-41d4-a716-446655440002', '인터스텔라 정말 감동적이네요!'),
       ('110e8400-e29b-41d4-a716-446655440002', 'e50e8400-e29b-41d4-a716-446655440001',
        '550e8400-e29b-41d4-a716-446655440003', '마지막 장면에서 눈물이...'),
       ('110e8400-e29b-41d4-a716-446655440003', 'e50e8400-e29b-41d4-a716-446655440001',
        '550e8400-e29b-41d4-a716-446655440004', '과학적 고증도 정말 뛰어남'),
       ('110e8400-e29b-41d4-a716-446655440004', 'e50e8400-e29b-41d4-a716-446655440002',
        '550e8400-e29b-41d4-a716-446655440003', '기생충은 정말 완벽한 작품'),
       ('110e8400-e29b-41d4-a716-446655440005', 'e50e8400-e29b-41d4-a716-446655440003',
        '550e8400-e29b-41d4-a716-446655440004', '브레이킹 배드 몰아보기 시작!');

-- DM 룸 테스트 데이터
INSERT INTO "dm_rooms" ("id", "sender_id", "receiver_id")
VALUES ('120e8400-e29b-41d4-a716-446655440001', '550e8400-e29b-41d4-a716-446655440002',
        '550e8400-e29b-41d4-a716-446655440003'),
       ('120e8400-e29b-41d4-a716-446655440002', '550e8400-e29b-41d4-a716-446655440003',
        '550e8400-e29b-41d4-a716-446655440004'),
       ('120e8400-e29b-41d4-a716-446655440003', '550e8400-e29b-41d4-a716-446655440004',
        '550e8400-e29b-41d4-a716-446655440001'),
       ('120e8400-e29b-41d4-a716-446655440004', '550e8400-e29b-41d4-a716-446655440002',
        '550e8400-e29b-41d4-a716-446655440004'),
       ('120e8400-e29b-41d4-a716-446655440005', '550e8400-e29b-41d4-a716-446655440001',
        '550e8400-e29b-41d4-a716-446655440002');

-- DM 테스트 데이터
INSERT INTO "dms" ("id", "sender_id", "dm_room_id", "content", "is_read")
VALUES ('130e8400-e29b-41d4-a716-446655440001', '550e8400-e29b-41d4-a716-446655440002',
        '120e8400-e29b-41d4-a716-446655440001', '안녕하세요! 플레이리스트 정말 좋네요', true),
       ('130e8400-e29b-41d4-a716-446655440002', '550e8400-e29b-41d4-a716-446655440003',
        '120e8400-e29b-41d4-a716-446655440001', '감사합니다! 더 좋은 콘텐츠 추가할게요', true),
       ('130e8400-e29b-41d4-a716-446655440003', '550e8400-e29b-41d4-a716-446655440003',
        '120e8400-e29b-41d4-a716-446655440002', '다음에 같이 영화 보시겠어요?', false),
       ('130e8400-e29b-41d4-a716-446655440004', '550e8400-e29b-41d4-a716-446655440004',
        '120e8400-e29b-41d4-a716-446655440003', '관리자님, 문의사항이 있습니다', false),
       ('130e8400-e29b-41d4-a716-446655440005', '550e8400-e29b-41d4-a716-446655440001',
        '120e8400-e29b-41d4-a716-446655440005', '새로운 기능 업데이트 공지입니다', true);

-- 알림 테스트 데이터
INSERT INTO "notifications" ("id", "receiver_id", "type", "content", "is_read")
VALUES ('140e8400-e29b-41d4-a716-446655440001', '550e8400-e29b-41d4-a716-446655440002', 'FOLLOW',
        'jane_smith님이 당신을 팔로우했습니다', true),
       ('140e8400-e29b-41d4-a716-446655440002', '550e8400-e29b-41d4-a716-446655440003',
        'PLAYLIST_SUBSCRIBE', 'john_doe님이 당신의 플레이리스트를 구독했습니다', false),
       ('140e8400-e29b-41d4-a716-446655440003', '550e8400-e29b-41d4-a716-446655440004', 'REVIEW',
        '인터스텔라에 새로운 리뷰가 작성되었습니다', false),
       ('140e8400-e29b-41d4-a716-446655440004', '550e8400-e29b-41d4-a716-446655440001', 'DM',
        'bob_wilson님이 메시지를 보냈습니다', true),
       ('140e8400-e29b-41d4-a716-446655440005', '550e8400-e29b-41d4-a716-446655440003',
        'CHAT_INVITE', '새로운 채팅방에 초대되었습니다', false);

-- JWT 세션 테스트 데이터
INSERT INTO "jwt_sessions" ("id", "user_id", "access_token", "refresh_token", "expires_at",
                            "is_active")
VALUES ('150e8400-e29b-41d4-a716-446655440001', '550e8400-e29b-41d4-a716-446655440002',
        'eyJhbGciOiJIUzI1NiIsInR5cCI6IkpXVCJ9...', 'refresh_token_john_123456789',
        '2025-07-27 14:30:00', true),
       ('150e8400-e29b-41d4-a716-446655440002', '550e8400-e29b-41d4-a716-446655440003',
        'eyJhbGciOiJIUzI1NiIsInR5cCI6IkpXVCJ9...', 'refresh_token_jane_987654321',
        '2025-07-28 09:15:00', true),
       ('150e8400-e29b-41d4-a716-446655440003', '550e8400-e29b-41d4-a716-446655440004',
        'eyJhbGciOiJIUzI1NiIsInR5cCI6IkpXVCJ9...', 'refresh_token_bob_456789123',
        '2025-07-26 18:45:00', false),
       ('150e8400-e29b-41d4-a716-446655440004', '550e8400-e29b-41d4-a716-446655440001',
        'eyJhbGciOiJIUzI1NiIsInR5cCI6IkpXVCJ9...', 'refresh_token_admin_111222333',
        '2025-08-01 12:00:00', true);

-- 임시 비밀번호 테스트 데이터
INSERT INTO "temporary_passwords" ("id", "user_id", "temp_password", "expired_at", "is_used")
VALUES ('160e8400-e29b-41d4-a716-446655440001', '550e8400-e29b-41d4-a716-446655440005',
        '$2b$10$temp_hash_alice', '2025-06-28 23:59:59', false),
       ('160e8400-e29b-41d4-a716-446655440002', '550e8400-e29b-41d4-a716-446655440004',
        '$2b$10$temp_hash_bob', '2025-06-26 23:59:59', true),
       ('160e8400-e29b-41d4-a716-446655440003', '550e8400-e29b-41d4-a716-446655440003',
        '$2b$10$temp_hash_jane', '2025-06-25 23:59:59', true);
