-- H2 데이터베이스용 테스트 데이터

-- 기존 데이터 초기화 (외래 키 제약조건 고려하여 역순으로)
DELETE FROM watch_room_participants;
DELETE FROM watch_rooms;
DELETE FROM contents;
DELETE FROM users;

-- 사용자 데이터
INSERT INTO users (id, email, name, password, role, is_locked, is_temp_password, created_at, updated_at)
VALUES
    ('11111111-1111-1111-1111-111111111111', 'owner@test.com', 'owner', 'owner', 'USER', false, false, '2025-01-01 10:00:00', '2025-01-01 10:00:00'),
    ('22222222-2222-2222-2222-222222222222', 'user@test.com', 'user', 'user', 'USER', false, false, '2025-01-01 11:00:00', '2025-01-01 11:00:00');

-- 컨텐츠 데이터
INSERT INTO contents (id, title, title_normalized, content_type, release_date, created_at, youtube_url)
VALUES
    ('33333333-3333-3333-3333-333333333333', '미생', '미생', 'TV', '2025-01-01 12:00:00', '2025-01-01 12:00:00', 'https://www.youtube.com');

-- 시청방 데이터
INSERT INTO watch_rooms (id, title, title_normalized,owner_id, content_id, created_at)
VALUES
    ('44444444-4444-4444-4444-444444444444', '장그래 힘내라', '장그래힘내라', '11111111-1111-1111-1111-111111111111', '33333333-3333-3333-3333-333333333333', '2025-01-01 13:00:00');

-- 시청방 참여자 데이터 (주 테스트용)
INSERT INTO watch_room_participants (id, room_id, user_id, created_at)
VALUES
    ('66666666-6666-6666-6666-666666666666', '44444444-4444-4444-4444-444444444444', '11111111-1111-1111-1111-111111111111', '2025-01-01 13:00:00');

-- 10개의 시청방 데이터 (페이지네이션 테스트용)
INSERT INTO watch_rooms (id, title, title_normalized,owner_id, content_id, created_at)
VALUES
    ('55555555-5555-5555-5555-555555555550', '테스트시청방0', '테스트시청방0', '22222222-2222-2222-2222-222222222222', '33333333-3333-3333-3333-333333333333', '2025-01-01 00:00:00'),
    ('55555555-5555-5555-5555-555555555551', '테스트시청방1', '테스트시청방1', '22222222-2222-2222-2222-222222222222', '33333333-3333-3333-3333-333333333333', '2025-01-02 00:00:00'),
    ('55555555-5555-5555-5555-555555555552', '테스트시청방2', '테스트시청방2', '22222222-2222-2222-2222-222222222222', '33333333-3333-3333-3333-333333333333', '2025-01-03 00:00:00'),
    ('55555555-5555-5555-5555-555555555553', '테스트시청방3', '테스트시청방3', '22222222-2222-2222-2222-222222222222', '33333333-3333-3333-3333-333333333333', '2025-01-04 00:00:00'),
    ('55555555-5555-5555-5555-555555555554', '테스트시청방4', '테스트시청방4', '22222222-2222-2222-2222-222222222222', '33333333-3333-3333-3333-333333333333', '2025-01-05 00:00:00'),
    ('55555555-5555-5555-5555-555555555555', '테스트시청방5', '테스트시청방5', '22222222-2222-2222-2222-222222222222', '33333333-3333-3333-3333-333333333333', '2025-01-06 00:00:00'),
    ('55555555-5555-5555-5555-555555555556', '테스트시청방6', '테스트시청방6', '22222222-2222-2222-2222-222222222222', '33333333-3333-3333-3333-333333333333', '2025-01-07 00:00:00'),
    ('55555555-5555-5555-5555-555555555557', '테스트시청방7', '테스트시청방7', '22222222-2222-2222-2222-222222222222', '33333333-3333-3333-3333-333333333333', '2025-01-08 00:00:00'),
    ('55555555-5555-5555-5555-555555555558', '테스트시청방8', '테스트시청방8', '22222222-2222-2222-2222-222222222222', '33333333-3333-3333-3333-333333333333', '2025-01-09 00:00:00'),
    ('55555555-5555-5555-5555-555555555559', '테스트시청방9', '테스트시청방9', '22222222-2222-2222-2222-222222222222', '33333333-3333-3333-3333-333333333333', '2025-01-10 00:00:00');

-- 모든 시청방에 user 참여 (참여자 1명)
INSERT INTO watch_room_participants (id, room_id, user_id, created_at)
VALUES
    ('77777777-7777-7777-7777-777777777770', '55555555-5555-5555-5555-555555555550', '22222222-2222-2222-2222-222222222222', '2025-01-01 00:00:00'),
    ('77777777-7777-7777-7777-777777777771', '55555555-5555-5555-5555-555555555551', '22222222-2222-2222-2222-222222222222', '2025-01-02 00:00:00'),
    ('77777777-7777-7777-7777-777777777772', '55555555-5555-5555-5555-555555555552', '22222222-2222-2222-2222-222222222222', '2025-01-03 00:00:00'),
    ('77777777-7777-7777-7777-777777777773', '55555555-5555-5555-5555-555555555553', '22222222-2222-2222-2222-222222222222', '2025-01-04 00:00:00'),
    ('77777777-7777-7777-7777-777777777774', '55555555-5555-5555-5555-555555555554', '22222222-2222-2222-2222-222222222222', '2025-01-05 00:00:00'),
    ('77777777-7777-7777-7777-777777777775', '55555555-5555-5555-5555-555555555555', '22222222-2222-2222-2222-222222222222', '2025-01-06 00:00:00'),
    ('77777777-7777-7777-7777-777777777776', '55555555-5555-5555-5555-555555555556', '22222222-2222-2222-2222-222222222222', '2025-01-07 00:00:00'),
    ('77777777-7777-7777-7777-777777777777', '55555555-5555-5555-5555-555555555557', '22222222-2222-2222-2222-222222222222', '2025-01-08 00:00:00'),
    ('77777777-7777-7777-7777-777777777778', '55555555-5555-5555-5555-555555555558', '22222222-2222-2222-2222-222222222222', '2025-01-09 00:00:00'),
    ('77777777-7777-7777-7777-777777777779', '55555555-5555-5555-5555-555555555559', '22222222-2222-2222-2222-222222222222', '2025-01-10 00:00:00');

-- 테스트시청방7, 8, 9에 owner도 추가 참여 (참여자 2명)
INSERT INTO watch_room_participants (id, room_id, user_id, created_at)
VALUES
    ('88888888-8888-8888-8888-888888888887', '55555555-5555-5555-5555-555555555557', '11111111-1111-1111-1111-111111111111', '2025-01-08 00:00:00'),
    ('88888888-8888-8888-8888-888888888888', '55555555-5555-5555-5555-555555555558', '11111111-1111-1111-1111-111111111111', '2025-01-09 00:00:00'),
    ('88888888-8888-8888-8888-888888888889', '55555555-5555-5555-5555-555555555559', '11111111-1111-1111-1111-111111111111', '2025-01-10 00:00:00');